﻿<?xml version="1.0" encoding="utf-8" ?>
<Trades>
  <Trade CorrelationID="234" NumberOfTrades="3" Limit="1000" TradeID="654">100</Trade>
  <Trade CorrelationID="234" NumberOfTrades="3" Limit="1000" TradeID="135">200</Trade>
  <Trade CorrelationID="222" NumberOfTrades="1" Limit="500" TradeID="423">600</Trade>
  <Trade CorrelationID="234" NumberOfTrades="3" Limit="1000" TradeID="652">200</Trade>
  <Trade CorrelationID="200" NumberOfTrades="2" Limit="1000" TradeID="645">1000</Trade>
  
  <Trade CorrelationID="235" NumberOfTrades="3" Limit="1000" TradeID="654">100</Trade>
  <Trade CorrelationID="235" NumberOfTrades="3" Limit="1000" TradeID="135">200</Trade>
  <Trade CorrelationID="223" NumberOfTrades="1" Limit="500" TradeID="423">600</Trade>
  <Trade CorrelationID="235" NumberOfTrades="3" Limit="1000" TradeID="652">200</Trade>
  <Trade CorrelationID="201" NumberOfTrades="2" Limit="1000" TradeID="645">1000</Trade>
  
  <Trade CorrelationID="236" NumberOfTrades="3" Limit="1000" TradeID="654">100</Trade>
  <Trade CorrelationID="236" NumberOfTrades="3" Limit="1000" TradeID="135">200</Trade>
  <Trade CorrelationID="224" NumberOfTrades="1" Limit="500" TradeID="423">600</Trade>
  <Trade CorrelationID="236" NumberOfTrades="3" Limit="1000" TradeID="652">200</Trade>
  <Trade CorrelationID="202" NumberOfTrades="2" Limit="1000" TradeID="645">1000</Trade>
  
  <Trade CorrelationID="237" NumberOfTrades="3" Limit="1000" TradeID="654">100</Trade>
  <Trade CorrelationID="237" NumberOfTrades="3" Limit="1000" TradeID="135">200</Trade>
  <Trade CorrelationID="227" NumberOfTrades="1" Limit="500" TradeID="423">600</Trade>
  <Trade CorrelationID="237" NumberOfTrades="3" Limit="1000" TradeID="652">200</Trade>
  <Trade CorrelationID="207" NumberOfTrades="2" Limit="1000" TradeID="645">1000</Trade>
</Trades>


